{
	"credit": "Created with Blockbench [Exported as resourcepack with the \"resourcepack_packager\" plugin]",
	"texture_size": [32, 32],
	"textures": {
		"0": "item/Taser_Empty",
		"particle": "item/Taser_Empty"
	},
	"elements": [
		{
			"from": [7, 0, 11],
			"to": [10, 6, 14],
			"rotation": {"angle": -22.5, "axis": "x", "origin": [8, 0, 12]},
			"faces": {
				"north": {"uv": [1.5, 7.5, 3, 10.5], "texture": "#0"},
				"east": {"uv": [0, 7.5, 1.5, 10.5], "texture": "#0"},
				"south": {"uv": [4.5, 7.5, 6, 10.5], "texture": "#0"},
				"west": {"uv": [3, 7.5, 4.5, 10.5], "texture": "#0"},
				"up": {"uv": [3, 7.5, 1.5, 6], "texture": "#0"},
				"down": {"uv": [4.5, 6, 3, 7.5], "texture": "#0"}
			}
		},
		{
			"from": [6, 4, 3],
			"to": [11, 8, 11],
			"rotation": {"angle": 0, "axis": "y", "origin": [8, 0, 12]},
			"faces": {
				"north": {"uv": [4, 4, 6.5, 6], "texture": "#0"},
				"east": {"uv": [0, 4, 4, 6], "texture": "#0"},
				"south": {"uv": [10.5, 4, 13, 6], "texture": "#0"},
				"west": {"uv": [6.5, 4, 10.5, 6], "texture": "#0"},
				"up": {"uv": [6.5, 4, 4, 0], "texture": "#0"},
				"down": {"uv": [9, 0, 6.5, 4], "texture": "#0"}
			}
		},
		{
			"from": [8, 2, 9],
			"to": [9, 4, 11],
			"faces": {
				"north": {"uv": [1, 3, 1.5, 4], "texture": "#0"},
				"east": {"uv": [0, 3, 1, 4], "texture": "#0"},
				"south": {"uv": [2.5, 3, 3, 4], "texture": "#0"},
				"west": {"uv": [1.5, 3, 2.5, 4], "texture": "#0"},
				"up": {"uv": [1.5, 3, 1, 2], "texture": "#0"},
				"down": {"uv": [2, 2, 1.5, 3], "texture": "#0"}
			}
		},
		{
			"from": [8, 3, 4],
			"to": [9, 4, 7],
			"faces": {
				"north": {"uv": [1.5, 1.5, 2, 2], "texture": "#0"},
				"east": {"uv": [0, 1.5, 1.5, 2], "texture": "#0"},
				"south": {"uv": [3.5, 1.5, 4, 2], "texture": "#0"},
				"west": {"uv": [2, 1.5, 3.5, 2], "texture": "#0"},
				"up": {"uv": [2, 1.5, 1.5, 0], "texture": "#0"},
				"down": {"uv": [2.5, 0, 2, 1.5], "texture": "#0"}
			}
		}
	],
	"display": {
		"thirdperson_righthand": {
			"translation": [0, 2, -1.5],
			"scale": [0.75, 0.75, 0.75]
		},
		"thirdperson_lefthand": {
			"translation": [0, 2, -1.5],
			"scale": [0.75, 0.75, 0.75]
		},
		"firstperson_righthand": {
			"translation": [0, 5, -1]
		},
		"firstperson_lefthand": {
			"translation": [0, 5, -1]
		},
		"ground": {
			"rotation": [0, 0, 91],
			"translation": [-3.5, 0, 0]
		},
		"gui": {
			"rotation": [24, -124, 0],
			"translation": [0, 3.25, 0]
		},
		"head": {
			"translation": [0, -5.5, 0.5]
		},
		"fixed": {
			"rotation": [0, 90, 0],
			"translation": [0, 0, -0.75]
		}
	},
	"groups": [
		{
			"name": "Taser",
			"origin": [0, 0, 0],
			"color": 0,
			"nbt": "{}",
			"children": [0, 1, 2, 3]
		}
	]
}