{
	"credit": "Created with Blockbench [Exported as resourcepack with the \"resourcepack_packager\" plugin]",
	"parent": "handheld",
	"texture_size": [32, 32],
	"textures": {
		"0": "item/flashlight",
		"particle": "item/flashlight"
	},
	"elements": [
		{
			"from": [5, 3, 1],
			"to": [11, 9, 4],
			"faces": {
				"north": {"uv": [1.5, 8.5, 4.5, 11.5], "texture": "#0"},
				"east": {"uv": [0, 8.5, 1.5, 11.5], "texture": "#0"},
				"south": {"uv": [6, 8.5, 9, 11.5], "texture": "#0"},
				"west": {"uv": [4.5, 8.5, 6, 11.5], "texture": "#0"},
				"up": {"uv": [4.5, 8.5, 1.5, 7], "texture": "#0"},
				"down": {"uv": [7.5, 7, 4.5, 8.5], "texture": "#0"}
			}
		},
		{
			"from": [6, 4, 4],
			"to": [10, 8, 14],
			"faces": {
				"north": {"uv": [5, 5, 7, 7], "texture": "#0"},
				"east": {"uv": [0, 5, 5, 7], "texture": "#0"},
				"south": {"uv": [12, 5, 14, 7], "texture": "#0"},
				"west": {"uv": [7, 5, 12, 7], "texture": "#0"},
				"up": {"uv": [7, 5, 5, 0], "texture": "#0"},
				"down": {"uv": [9, 0, 7, 5], "texture": "#0"}
			}
		},
		{
			"from": [7, 8, 6],
			"to": [9, 9, 8],
			"faces": {
				"north": {"uv": [1, 1, 2, 1.5], "texture": "#0"},
				"east": {"uv": [0, 1, 1, 1.5], "texture": "#0"},
				"south": {"uv": [3, 1, 4, 1.5], "texture": "#0"},
				"west": {"uv": [2, 1, 3, 1.5], "texture": "#0"},
				"up": {"uv": [2, 1, 1, 0], "texture": "#0"},
				"down": {"uv": [3, 0, 2, 1], "texture": "#0"}
			}
		}
	],
	"display": {
		"thirdperson_righthand": {
			"rotation": [90, 0, 0],
			"translation": [0, -1, 2.25],
			"scale": [0.7, 0.7, 0.7]
		},
		"thirdperson_lefthand": {
			"rotation": [90, 0, 0],
			"translation": [0, -1, 2.25],
			"scale": [0.7, 0.7, 0.7]
		},
		"gui": {
			"rotation": [-25, -129, 0],
			"translation": [-1, 1.5, 0]
		},
		"head": {
			"translation": [0, 10, -2.5]
		},
		"fixed": {
			"rotation": [38, -85, 30],
			"translation": [0, 0, -0.75]
		}
	},
	"groups": [
		{
			"name": "Flashlight",
			"origin": [0, 0, 0],
			"color": 0,
			"nbt": "{}",
			"children": [0, 1, 2]
		}
	]
}